Team1,Team2,Prediction
1291,1437,1
1439,1458,1
1423,1438,1
1190,1196,1
1374,1425,1
1124,1308,0
1266,1376,1
1181,1407,0
1211,1355,0
1321,1435,0
1323,1343,0
1137,1452,1
1268,1462,1
1195,1199,1
1388,1433,0
1112,1315,0
1242,1413,0
1274,1277,1
1235,1305,0
1345,1436,0
1166,1348,1
1233,1332,1
1276,1329,0
1240,1257,1
1314,1411,0
1116,1371,0
1278,1292,1
1139,1457,0
1153,1243,0
1245,1417,1
1173,1455,1
1246,1297,0